feature,signal,metric,description,unit
body_acc_x_mean,body_acc_x,mean,窗口内信号的平均水平,g
body_acc_x_std,body_acc_x,std,窗口内信号的变化程度,g
body_acc_x_rms,body_acc_x,rms,窗口内信号的整体强度,g
body_acc_y_mean,body_acc_y,mean,窗口内信号的平均水平,g
body_acc_y_std,body_acc_y,std,窗口内信号的变化程度,g
body_acc_y_rms,body_acc_y,rms,窗口内信号的整体强度,g
body_acc_z_mean,body_acc_z,mean,窗口内信号的平均水平,g
body_acc_z_std,body_acc_z,std,窗口内信号的变化程度,g
body_acc_z_rms,body_acc_z,rms,窗口内信号的整体强度,g
body_gyro_x_mean,body_gyro_x,mean,窗口内信号的平均水平,rad/s
body_gyro_x_std,body_gyro_x,std,窗口内信号的变化程度,rad/s
body_gyro_x_rms,body_gyro_x,rms,窗口内信号的整体强度,rad/s
body_gyro_y_mean,body_gyro_y,mean,窗口内信号的平均水平,rad/s
body_gyro_y_std,body_gyro_y,std,窗口内信号的变化程度,rad/s
body_gyro_y_rms,body_gyro_y,rms,窗口内信号的整体强度,rad/s
body_gyro_z_mean,body_gyro_z,mean,窗口内信号的平均水平,rad/s
body_gyro_z_std,body_gyro_z,std,窗口内信号的变化程度,rad/s
body_gyro_z_rms,body_gyro_z,rms,窗口内信号的整体强度,rad/s
