feature,count,mean,std,min,25%,50%,75%,max
body_acc_x_mean,10299.0,-0.000665332476465333,0.013936786233010945,-0.26328375721874997,-0.00308110769984375,-8.281989562499998e-05,0.0022212300039062493,0.14887772203125
body_acc_x_std,10299.0,0.12834638922633274,0.14197496615997174,0.0014130360727270753,0.0038854192587251223,0.019850290775137443,0.24404157941544463,0.6486752398611967
body_acc_x_rms,10299.0,0.12911106041989517,0.1419671734038338,0.001455929394213972,0.00412340391101567,0.021904276956831933,0.24488236313772244,0.6495486262454248
body_acc_y_mean,10299.0,-0.0003175072840447689,0.019474200849018516,-0.51552368046875,-0.004072487769531249,-1.231016905468742e-05,0.0034164640764062495,0.5335020421875001
body_acc_y_std,10299.0,0.08507318964910766,0.08512138333418663,0.0017267821891027268,0.005642151197854741,0.0297979414211884,0.16213166339808371,0.34204911642406144
body_acc_y_rms,10299.0,0.08654468872505607,0.08586288574161846,0.0017289470188240881,0.006155167124982083,0.03295337819773645,0.16341872831564963,0.5526635946246572
body_acc_z_mean,10299.0,-0.00020395002466788348,0.017518974101816534,-0.2945620638046875,-0.00419903654296875,-9.53970169531251e-05,0.0035406849554687494,0.36611885703125
body_acc_z_std,10299.0,0.07232708466452145,0.07230826219626071,0.0030140865219084917,0.006751353409262206,0.029745592545849475,0.1322161129239838,0.361280316931005
body_acc_z_rms,10299.0,0.07385619268354492,0.07288270787557474,0.0031121576925474017,0.0072854361867093,0.034293898047240916,0.13345796186798423,0.3847452204466464
body_gyro_x_mean,10299.0,-0.0034112953587594618,0.1889287442827677,-1.0028063546875,-0.01868002159140625,-9.051601562500009e-05,0.017634391325781255,1.0598912342890625
body_gyro_x_std,10299.0,0.24352959722537942,0.26111070015764887,0.0016922260111185436,0.0128030342053802,0.08704991317405616,0.4508071608066535,1.736491006957507
body_gyro_x_rms,10299.0,0.27921425379652964,0.2919396513106189,0.0019654809344554188,0.014487783814858088,0.12695707684317048,0.5202642308855415,1.8214994303271086
body_gyro_y_mean,10299.0,-0.0001716060119825563,0.06064334983471792,-0.41792998721874997,-0.013387216300781251,-0.00019333015085937503,0.010494068124257811,0.485057559375
body_gyro_y_std,10299.0,0.24398656175430067,0.27213188892642926,0.002003253470538887,0.015806230146510118,0.07019975701799362,0.42437239701768287,1.5270449141577516
body_gyro_y_rms,10299.0,0.2507129701938217,0.2727737818571376,0.002026159308153023,0.017541909620040534,0.09456572130910999,0.43318994779816317,1.539875676702587
body_gyro_z_mean,10299.0,0.0008960282251429423,0.05969445796168737,-0.48080017890625004,-0.009509811471523438,-3.163491633593758e-05,0.010668977024609377,0.40438009296875
body_gyro_z_std,10299.0,0.16922214060964474,0.17970928768117544,0.0021838172840389553,0.009414411377051145,0.05913395215995893,0.32151816444446146,0.9667912516003004
body_gyro_z_rms,10299.0,0.17795404023118486,0.1811845948042592,0.0022000289492598514,0.011484938885092295,0.0982133842884074,0.3279424802655644,1.0076858082389826
